{"lastChecks": {"email": 1772555940, "calendar": 1772768915, "slack_dm": 1741761360, "slack_tier1": 1741761360, "netlify_health": 1741761360, "weather": null, "lastDmCheck": 1773126477.325789, "slack_channel_diff": 1773282157, "lastHeartbeat": 1772571900, "dm": 1773292894.705048, "channels": 1773306419.220227}, "lastHeartbeat": "2026-03-11T03:47:00Z", "lastSlackUserRefresh": "1772864326", "lastDmCheck": 1773300743, "lastChannelDiff": 1773300743}